1,Project Manager
2,Construction Manager
3,Sr. Structural Engineer
4,Structrural Engineer
5,Structural Consultant
6,Sr. Mechanical Engineer
7,Mechanical Engineer
8,Mechanical Consultant
9,Sr. Electrical Engineer
10,Electrical Engineer
11,Electrical Consultant
12,Sr. Plumbing Engineer
13,Plumbing Engineer
14,Plumbing Consultant
15,Sr. Architect
16,Architect
17,Architect Consultant
18,Sr. Civil Engineering
19,Civil Engineer
20,Civil Consultant
21,LEED Manager
22,Commissioning Professional
23,Project Administrator
24,Site Superintendant
25,Construction Project Administrator
26,T&B Consultant
27,Interior Designer
28,Landscape Architect
29,Threshold Inspector
30,Special Inspector
31,Permitting Agent
32,Speciality Consultant
33,General Contractor
